"Date ","Symbol ","Security Name ","Client Name ","Buy / Sell ","Quantity Traded ","Trade Price / Wght. Avg. Price ","Remarks "
"05-JAN-2024","INFIBEAM","Infibeam Avenues Limited","ABHISHEK MAYUR DESAI","SELL","45,00,000","22.80","-"
"05-JAN-2024","INFIBEAM","Infibeam Avenues Limited","SONAL DESAI","BUY","45,00,000","22.80","-"
"05-JAN-2024","SWANENERGY","Swan Energy Limited","ALBULA INVESTMENT FUND LTD","SELL","30,24,000","519.90","-"
"05-JAN-2024","SWANENERGY","Swan Energy Limited","ASHIBHADARSH VENTURES PRIVATE LIMITED","BUY","2,50,000","519.90","-"
"05-JAN-2024","SWANENERGY","Swan Energy Limited","BANDHAN MUTUAL FUND ( CORE EQUITY FUND)","BUY","3,50,000","519.90","-"
"05-JAN-2024","SWANENERGY","Swan Energy Limited","BANDHAN MUTUAL FUND(INFRASTRUCTURE FUND)","BUY","75,000","519.90","-"
"05-JAN-2024","SWANENERGY","Swan Energy Limited","BNP PARIBAS ARBITRAGE","BUY","4,99,900","519.90","-"
"05-JAN-2024","SWANENERGY","Swan Energy Limited","RAJTARU ENTERPRISES","BUY","2,01,000","519.90","-"
"05-JAN-2024","SWANENERGY","Swan Energy Limited","RESONANCE OPPORTUNITIES FUND","BUY","2,01,100","519.90","-"
"05-JAN-2024","SWANENERGY","Swan Energy Limited","SAMCO MUTUAL FUND(SAMCO DYNAMIC ASSET ALLOCATION FUND)","BUY","2,07,000","519.90","-"
"05-JAN-2024","SWANENERGY","Swan Energy Limited","SOCIETE GENERALE","BUY","8,19,000","519.90","-"
"05-JAN-2024","SWANENERGY","Swan Energy Limited","TWENTYFIRST CENTURY MANAGEMENT SERVICES LTD","BUY","2,20,000","519.90","-"
"05-JAN-2024","SWANENERGY","Swan Energy Limited","VICTUS ENTERPRISE LLP","BUY","2,01,000","519.90","-"
"09-JAN-2024","INFIBEAM","Infibeam Avenues Limited","ABHISHEK MAYUR DESAI","SELL","45,00,000","24.25","-"
"09-JAN-2024","INFIBEAM","Infibeam Avenues Limited","SONAL DESAI","BUY","45,00,000","24.25","-"
"09-JAN-2024","YASHO","Yasho Industries Limited","NEUBERGER BERMAN BD LLC","BUY","95,000","1,625.00","-"
"09-JAN-2024","YASHO","Yasho Industries Limited","NISHIGANDHA POLYMERS P.LTD","SELL","95,000","1,625.00","-"
"11-JAN-2024","INFIBEAM","Infibeam Avenues Limited","ABHISHEK MAYUR DESAI","SELL","43,50,000","24.20","-"
"11-JAN-2024","INFIBEAM","Infibeam Avenues Limited","SONAL DESAI","BUY","43,50,000","24.20","-"
"15-JAN-2024","INFIBEAM","Infibeam Avenues Limited","ABHISHEK MAYUR DESAI","SELL","39,00,000","26.80","-"
"15-JAN-2024","INFIBEAM","Infibeam Avenues Limited","SONAL DESAI","BUY","39,00,000","26.80","-"
"15-JAN-2024","ZOMATO","Zomato Limited","BNP PARIBAS ARBITRAGE","BUY","12,00,000","138.15","-"
"15-JAN-2024","ZOMATO","Zomato Limited","CITIGROUP GLOBAL MARKETS MAURITIUS PVT LTD","BUY","24,00,000","138.15","-"
"15-JAN-2024","ZOMATO","Zomato Limited","GOLDMAN SACHS INVESTMENTS (MAURITIUS) I LIMITED  SHORT TERM","BUY","45,00,000","138.15","-"
"15-JAN-2024","ZOMATO","Zomato Limited","MORGAN STANLEY ASIA SINGAPORE PTE","BUY","39,00,000","138.15","-"
"15-JAN-2024","ZOMATO","Zomato Limited","MOTILAL OSWAL MUTUAL FUND","SELL","4,50,00,000","138.15","-"
"15-JAN-2024","ZOMATO","Zomato Limited","SOCIETE GENERALE","BUY","3,30,00,000","138.15","-"
"16-JAN-2024","SOUTHWEST","South West Pinnacle Ltd","ASSET COLUMN","SELL","6,50,000","168.00","-"
"16-JAN-2024","SOUTHWEST","South West Pinnacle Ltd","KAPUR RAJAN BRIJMOHAN","BUY","6,50,000","168.00","-"
"17-JAN-2024","JINDALSAW","Jindal Saw Limited","BNP PARIBAS ARBITRAGE","BUY","3,99,999","519.00","-"
"17-JAN-2024","JINDALSAW","Jindal Saw Limited","CRESTA FUND LTD","SELL","18,00,000","519.00","-"
"17-JAN-2024","JINDALSAW","Jindal Saw Limited","MADHUKAR SHETH","BUY","2,00,001","519.00","-"
"17-JAN-2024","JINDALSAW","Jindal Saw Limited","NIPPON INDIA MUTUAL FUND - SMALL CAP FUND","BUY","10,00,001","519.00","-"
"17-JAN-2024","JINDALSAW","Jindal Saw Limited","SOCIETE GENERALE","BUY","1,99,999","519.00","-"
"17-JAN-2024","PRICOLLTD","Pricol Limited","ADITYA BIRLA SUN LIFE INSURANCE COMPANY LIMITED","BUY","30,30,000","343.50","-"
"17-JAN-2024","PRICOLLTD","Pricol Limited","CARNELIAN ASSET MANAGEMENT & ADVISORS PRIVATE LIMITED","BUY","2,91,500","343.50","-"
"17-JAN-2024","PRICOLLTD","Pricol Limited","CARNELIAN ASSET MANAGEMENT & ADVISORS PRIVATE LIMITED.","BUY","2,91,500","343.50","-"
"17-JAN-2024","PRICOLLTD","Pricol Limited","CITY OF NEW YORK GROUP TRUST","BUY","1,15,546","343.50","-"
"17-JAN-2024","PRICOLLTD","Pricol Limited","EMPLOYEES PROVIDENT FUND","BUY","7,00,000","343.50","-"
"17-JAN-2024","PRICOLLTD","Pricol Limited","FIDELITY FUNDS.¿ INDIA FOCUS FUND","BUY","30,70,947","343.50","-"
"17-JAN-2024","PRICOLLTD","Pricol Limited","FIDELITY INDIA FUND","BUY","2,02,714","343.50","-"
"17-JAN-2024","PRICOLLTD","Pricol Limited","GOLDMAN SACHS INDIA LIMITED","BUY","14,90,024","343.50","-"
"17-JAN-2024","PRICOLLTD","Pricol Limited","ICICI PRUDENTIAL MUTUAL FUND","BUY","8,75,000","343.50","-"
"17-JAN-2024","PRICOLLTD","Pricol Limited","ICICI PRUDENTIAL MUTUAL FUND","BUY","11,20,000","343.50","-"
"17-JAN-2024","PRICOLLTD","Pricol Limited","ICICI PRUDENTIAL MUTUAL FUND","BUY","17,50,000","343.50","-"
"17-JAN-2024","PRICOLLTD","Pricol Limited","MINDA CORPORATION LIMITED","SELL","1,83,76,431","343.50","-"
"17-JAN-2024","PRICOLLTD","Pricol Limited","ROSY BLUE SECURITIES PVT. LTD.","BUY","2,92,000","343.50","-"
"17-JAN-2024","PRICOLLTD","Pricol Limited","SUNDARAM ALTERNATIVE OPPORTUNITIES FUND - ACORN","BUY","3,00,000","343.50","-"
"17-JAN-2024","PRICOLLTD","Pricol Limited","TATA MUTUAL FUND","BUY","17,49,300","343.50","-"
"17-JAN-2024","PRICOLLTD","Pricol Limited","TNTBC AS THE TRUSTEE OF NOMURA INDIA STOCK MOTHER FUND","BUY","30,97,900","343.50","-"
"18-JAN-2024","HCLTECH","HCL Technologies Ltd.","BNP PARIBAS ARBITRAGE","SELL","4,59,303","1,575.90","-"
"18-JAN-2024","HCLTECH","HCL Technologies Ltd.","SOCIETE GENERALE","BUY","4,59,303","1,575.90","-"
"18-JAN-2024","INFIBEAM","Infibeam Avenues Limited","ABHISHEK MAYUR DESAI","SELL","39,00,000","26.15","-"
"18-JAN-2024","INFIBEAM","Infibeam Avenues Limited","SONAL DESAI","BUY","39,00,000","26.15","-"
"20-JAN-2024","INFIBEAM","Infibeam Avenues Limited","ABHISHEK MAYUR DESAI","SELL","39,00,000","26.45","-"
"20-JAN-2024","INFIBEAM","Infibeam Avenues Limited","SONAL DESAI","BUY","39,00,000","26.45","-"
"24-JAN-2024","INFIBEAM","Infibeam Avenues Limited","ABHISHEK MAYUR DESAI","SELL","39,00,000","26.85","-"
"24-JAN-2024","INFIBEAM","Infibeam Avenues Limited","SONAL DESAI","BUY","39,00,000","26.85","-"
"24-JAN-2024","POONAWALLA","Poonawalla Fincorp Ltd","MAGMA VENTURES PRIVATE LIMITED","SELL","40,33,000","495.85","-"
"24-JAN-2024","POONAWALLA","Poonawalla Fincorp Ltd","RISING SUN HOLDINGS PVT LTD","BUY","40,33,000","495.85","-"
"25-JAN-2024","ADANIPORTS","ADANI PORT & SEZ LTD","MARSHALL WACE INVESTMENT STRATEGIES  EUREKA FUND","BUY","1,84,250","1,120.60","-"
"25-JAN-2024","ADANIPORTS","ADANI PORT & SEZ LTD","MARSHALL WACE INVESTMENT STRATEGIES  SYSTEMATIC ALPHA PLUS FUND","BUY","5,227","1,120.60","-"
"25-JAN-2024","ADANIPORTS","ADANI PORT & SEZ LTD","MARSHALL WACE INVESTMENT STRATEGIES MARKET NEUTRAL TOPS FUND","BUY","9,652","1,120.60","-"
"25-JAN-2024","ADANIPORTS","ADANI PORT & SEZ LTD","MARSHALL WACE INVESTMENT STRATEGIES TOPS FUND","BUY","82,211","1,120.60","-"
"25-JAN-2024","ADANIPORTS","ADANI PORT & SEZ LTD","SOCIETE GENERALE","SELL","2,81,340","1,120.60","-"
"25-JAN-2024","ALKEM","Alkem Laboratories Ltd.","MARSHALL WACE INVESTMENT STRATEGIES  EUREKA FUND","BUY","1,04,939","4,999.60","-"
"25-JAN-2024","ALKEM","Alkem Laboratories Ltd.","MARSHALL WACE INVESTMENT STRATEGIES MARKET NEUTRAL TOPS FUND","BUY","1,169","4,999.60","-"
"25-JAN-2024","ALKEM","Alkem Laboratories Ltd.","MARSHALL WACE INVESTMENT STRATEGIES TOPS FUND","BUY","95","4,999.60","-"
"25-JAN-2024","ALKEM","Alkem Laboratories Ltd.","SOCIETE GENERALE","SELL","1,06,203","4,999.60","-"
"25-JAN-2024","ANANDRATHI","Anand Rathi Wealth Ltd","MARSHALL WACE INVESTMENT STRATEGIES  EUREKA FUND","BUY","35,003","2,950.05","-"
"25-JAN-2024","ANANDRATHI","Anand Rathi Wealth Ltd","SOCIETE GENERALE","SELL","35,003","2,950.05","-"
"25-JAN-2024","APOLLOTYRE","Apollo Tyres Ltd.","MARSHALL WACE INVESTMENT STRATEGIES  EUREKA FUND","BUY","1,12,517","525.75","-"
"25-JAN-2024","APOLLOTYRE","Apollo Tyres Ltd.","MARSHALL WACE INVESTMENT STRATEGIES  SYSTEMATIC ALPHA PLUS FUND","BUY","17,486","525.75","-"
"25-JAN-2024","APOLLOTYRE","Apollo Tyres Ltd.","MARSHALL WACE INVESTMENT STRATEGIES MARKET NEUTRAL TOPS FUND","BUY","1,00,971","525.75","-"
"25-JAN-2024","APOLLOTYRE","Apollo Tyres Ltd.","MARSHALL WACE INVESTMENT STRATEGIES TOPS FUND","BUY","47,141","525.75","-"
"25-JAN-2024","APOLLOTYRE","Apollo Tyres Ltd.","SOCIETE GENERALE","SELL","2,78,115","525.75","-"
"25-JAN-2024","ASIANPAINT","Asian Paints Limited","MARSHALL WACE INVESTMENT STRATEGIES MARKET NEUTRAL TOPS FUND","BUY","61,340","2,999.45","-"
"25-JAN-2024","ASIANPAINT","Asian Paints Limited","MARSHALL WACE INVESTMENT STRATEGIES TOPS FUND","BUY","5,113","2,999.45","-"
"25-JAN-2024","ASIANPAINT","Asian Paints Limited","SOCIETE GENERALE","SELL","66,453","2,999.45","-"
"25-JAN-2024","AUROPHARMA","Aurobindo Pharma Ltd.","MARSHALL WACE INVESTMENT STRATEGIES  EUREKA FUND","BUY","53,641","1,160.10","-"
"25-JAN-2024","AUROPHARMA","Aurobindo Pharma Ltd.","MARSHALL WACE INVESTMENT STRATEGIES  SYSTEMATIC ALPHA PLUS FUND","BUY","862","1,160.10","-"
"25-JAN-2024","AUROPHARMA","Aurobindo Pharma Ltd.","MARSHALL WACE INVESTMENT STRATEGIES MARKET NEUTRAL TOPS FUND","BUY","8,134","1,160.10","-"
"25-JAN-2024","AUROPHARMA","Aurobindo Pharma Ltd.","MARSHALL WACE INVESTMENT STRATEGIES TOPS FUND","BUY","44,921","1,160.10","-"
"25-JAN-2024","AUROPHARMA","Aurobindo Pharma Ltd.","SOCIETE GENERALE","SELL","1,07,558","1,160.10","-"
"25-JAN-2024","AXISBANK","Axis Bank Limited","MARSHALL WACE INVESTMENT STRATEGIES  EUREKA FUND","BUY","1,96,914","1,059.15","-"
"25-JAN-2024","AXISBANK","Axis Bank Limited","MARSHALL WACE INVESTMENT STRATEGIES  SYSTEMATIC ALPHA PLUS FUND","BUY","3,013","1,059.15","-"
"25-JAN-2024","AXISBANK","Axis Bank Limited","MARSHALL WACE INVESTMENT STRATEGIES MARKET NEUTRAL TOPS FUND","BUY","7,996","1,059.15","-"
"25-JAN-2024","AXISBANK","Axis Bank Limited","MARSHALL WACE INVESTMENT STRATEGIES TOPS FUND","BUY","6,230","1,059.15","-"
"25-JAN-2024","AXISBANK","Axis Bank Limited","SOCIETE GENERALE","SELL","2,14,153","1,059.15","-"
"25-JAN-2024","BANDHANBNK","Bandhan Bank Limited","MARSHALL WACE INVESTMENT STRATEGIES  EUREKA FUND","BUY","22,25,276","224.40","-"
"25-JAN-2024","BANDHANBNK","Bandhan Bank Limited","MARSHALL WACE INVESTMENT STRATEGIES GLOBAL FINANCIALS MARKET NEUTRAL FUND","BUY","40,043","224.40","-"
"25-JAN-2024","BANDHANBNK","Bandhan Bank Limited","SOCIETE GENERALE","SELL","22,65,319","224.40","-"
"25-JAN-2024","BANKBARODA","Bank of Baroda","MARSHALL WACE INVESTMENT STRATEGIES  EUREKA FUND","BUY","1,57,89,646","228.65","-"
"25-JAN-2024","BANKBARODA","Bank of Baroda","MARSHALL WACE INVESTMENT STRATEGIES GLOBAL FINANCIALS MARKET NEUTRAL FUND","BUY","5,00,146","228.65","-"
"25-JAN-2024","BANKBARODA","Bank of Baroda","SOCIETE GENERALE","SELL","1,62,89,792","228.65","-"
"25-JAN-2024","BANKINDIA","Bank of India","MARSHALL WACE INVESTMENT STRATEGIES  EUREKA FUND","BUY","1,36,61,922","133.15","-"
"25-JAN-2024","BANKINDIA","Bank of India","MARSHALL WACE INVESTMENT STRATEGIES GLOBAL FINANCIALS MARKET NEUTRAL FUND","BUY","3,17,543","133.15","-"
"25-JAN-2024","BANKINDIA","Bank of India","MARSHALL WACE INVESTMENT STRATEGIES TOPS FUND","BUY","1,61,752","133.15","-"
"25-JAN-2024","BANKINDIA","Bank of India","SOCIETE GENERALE","SELL","1,41,41,217","133.15","-"
"25-JAN-2024","BHEL","Bharat Heavy Elect Ltd.","MARSHALL WACE INVESTMENT STRATEGIES  EUREKA FUND","BUY","2,50,095","209.90","-"
"25-JAN-2024","BHEL","Bharat Heavy Elect Ltd.","MARSHALL WACE INVESTMENT STRATEGIES MARKET NEUTRAL TOPS FUND","BUY","1,49,285","209.90","-"
"25-JAN-2024","BHEL","Bharat Heavy Elect Ltd.","MARSHALL WACE INVESTMENT STRATEGIES TOPS FUND","BUY","1,16,323","209.90","-"
"25-JAN-2024","BHEL","Bharat Heavy Elect Ltd.","SOCIETE GENERALE","SELL","5,15,703","209.90","-"
"25-JAN-2024","BOSCHLTD","Bosch Limited","MARSHALL WACE INVESTMENT STRATEGIES  EUREKA FUND","BUY","21,667","22,444.15","-"
"25-JAN-2024","BOSCHLTD","Bosch Limited","MARSHALL WACE INVESTMENT STRATEGIES MARKET NEUTRAL TOPS FUND","BUY","742","22,444.15","-"
"25-JAN-2024","BOSCHLTD","Bosch Limited","MARSHALL WACE INVESTMENT STRATEGIES TOPS FUND","BUY","423","22,444.15","-"
"25-JAN-2024","BOSCHLTD","Bosch Limited","SOCIETE GENERALE","SELL","22,832","22,444.15","-"
"25-JAN-2024","BPCL","Bharat Petroleum Ltd","MARSHALL WACE INVESTMENT STRATEGIES  EUREKA FUND","BUY","2,69,059","477.15","-"
"25-JAN-2024","BPCL","Bharat Petroleum Ltd","MARSHALL WACE INVESTMENT STRATEGIES  SYSTEMATIC ALPHA PLUS FUND","BUY","92,994","477.15","-"
"25-JAN-2024","BPCL","Bharat Petroleum Ltd","MARSHALL WACE INVESTMENT STRATEGIES MARKET NEUTRAL TOPS FUND","BUY","8,38,185","477.15","-"
"25-JAN-2024","BPCL","Bharat Petroleum Ltd","MARSHALL WACE INVESTMENT STRATEGIES TOPS FUND","BUY","43,267","477.15","-"
"25-JAN-2024","BPCL","Bharat Petroleum Ltd","SOCIETE GENERALE","SELL","12,43,505","477.15","-"
"25-JAN-2024","BSE","BSE Limited","BNP PARIBAS ARBITRAGE","SELL","9,77,183","2,112.15","-"
"25-JAN-2024","BSE","BSE Limited","MARSHALL WACE INVESTMENT STRATEGIES  EUREKA FUND","BUY","4,42,559","2,112.15","-"
"25-JAN-2024","BSE","BSE Limited","MARSHALL WACE INVESTMENT STRATEGIES  SYSTEMATIC ALPHA PLUS FUND","BUY","1,87,034","2,112.15","-"
"25-JAN-2024","BSE","BSE Limited","MARSHALL WACE INVESTMENT STRATEGIES MARKET NEUTRAL TOPS FUND","BUY","14,576","2,112.15","-"
"25-JAN-2024","BSE","BSE Limited","MARSHALL WACE INVESTMENT STRATEGIES TOPS FUND","BUY","12,266","2,112.15","-"
"25-JAN-2024","BSE","BSE Limited","SOCIETE GENERALE","BUY","4,50,013","2,112.15","-"
"25-JAN-2024","BSE","BSE Limited","SOCIETE GENERALE","SELL","1,29,265","2,112.15","-"
"25-JAN-2024","CAMPUS","Campus Activewear Limited","MARSHALL WACE INVESTMENT STRATEGIES  EUREKA FUND","BUY","13,32,243","269.05","-"
"25-JAN-2024","CAMPUS","Campus Activewear Limited","SOCIETE GENERALE","SELL","13,32,243","269.05","-"
"25-JAN-2024","CAMS","Computer Age Mngt Ser Ltd","MARSHALL WACE INVESTMENT STRATEGIES  EUREKA FUND","BUY","39,536","2,732.90","-"
"25-JAN-2024","CAMS","Computer Age Mngt Ser Ltd","MARSHALL WACE INVESTMENT STRATEGIES  SYSTEMATIC ALPHA PLUS FUND","BUY","2,038","2,732.90","-"
"25-JAN-2024","CAMS","Computer Age Mngt Ser Ltd","MARSHALL WACE INVESTMENT STRATEGIES MARKET NEUTRAL TOPS FUND","BUY","19,732","2,732.90","-"
"25-JAN-2024","CAMS","Computer Age Mngt Ser Ltd","MARSHALL WACE INVESTMENT STRATEGIES TOPS FUND","BUY","22,153","2,732.90","-"
"25-JAN-2024","CAMS","Computer Age Mngt Ser Ltd","SOCIETE GENERALE","SELL","83,459","2,732.90","-"
"25-JAN-2024","CANBK","Canara Bank","MARSHALL WACE INVESTMENT STRATEGIES  EUREKA FUND","BUY","37,47,755","454.30","-"
"25-JAN-2024","CANBK","Canara Bank","MARSHALL WACE INVESTMENT STRATEGIES GLOBAL FINANCIALS MARKET NEUTRAL FUND","BUY","30,662","454.30","-"
"25-JAN-2024","CANBK","Canara Bank","SOCIETE GENERALE","SELL","37,78,417","454.30","-"
"25-JAN-2024","CMSINFO","CMS Info Systems Limited","MARSHALL WACE INVESTMENT STRATEGIES  EUREKA FUND","BUY","2,67,885","380.25","-"
"25-JAN-2024","CMSINFO","CMS Info Systems Limited","SOCIETE GENERALE","SELL","2,67,885","380.25","-"
"25-JAN-2024","CONCOR","Container Corp of India","MARSHALL WACE INVESTMENT STRATEGIES MARKET NEUTRAL TOPS FUND","BUY","1,41,523","841.10","-"
"25-JAN-2024","CONCOR","Container Corp of India","MARSHALL WACE INVESTMENT STRATEGIES TOPS FUND","BUY","11,795","841.10","-"
"25-JAN-2024","CONCOR","Container Corp of India","SOCIETE GENERALE","SELL","1,53,318","841.10","-"
"25-JAN-2024","DALBHARAT","Dalmia Bharat Limited","MARSHALL WACE INVESTMENT STRATEGIES  EUREKA FUND","BUY","1,75,702","2,154.75","-"
"25-JAN-2024","DALBHARAT","Dalmia Bharat Limited","MARSHALL WACE INVESTMENT STRATEGIES MARKET NEUTRAL TOPS FUND","BUY","33,259","2,154.75","-"
"25-JAN-2024","DALBHARAT","Dalmia Bharat Limited","MARSHALL WACE INVESTMENT STRATEGIES TOPS FUND","BUY","25,177","2,154.75","-"
"25-JAN-2024","DALBHARAT","Dalmia Bharat Limited","SOCIETE GENERALE","SELL","2,34,138","2,154.75","-"
"25-JAN-2024","DBREALTY","D B Realty Limited","GRIFFIN GROWTH FUND VCC","BUY","34,82,865","253.05","-"
"25-JAN-2024","DBREALTY","D B Realty Limited","TRINITY OPPORTUNITY FUND I","SELL","34,82,865","253.05","-"
"25-JAN-2024","DEVYANI","Devyani International Ltd","MARSHALL WACE INVESTMENT STRATEGIES  EUREKA FUND","BUY","8,16,149","176.25","-"
"25-JAN-2024","DEVYANI","Devyani International Ltd","MARSHALL WACE INVESTMENT STRATEGIES MARKET NEUTRAL TOPS FUND","BUY","10,227","176.25","-"
"25-JAN-2024","DEVYANI","Devyani International Ltd","MARSHALL WACE INVESTMENT STRATEGIES TOPS FUND","BUY","851","176.25","-"
"25-JAN-2024","DEVYANI","Devyani International Ltd","SOCIETE GENERALE","SELL","8,27,227","176.25","-"
"25-JAN-2024","DOMS","DOMS Industries Limited","MARSHALL WACE INVESTMENT STRATEGIES  EUREKA FUND","BUY","16,600","1,419.50","-"
"25-JAN-2024","DOMS","DOMS Industries Limited","MARSHALL WACE INVESTMENT STRATEGIES MARKET NEUTRAL TOPS FUND","BUY","53,054","1,419.50","-"
"25-JAN-2024","DOMS","DOMS Industries Limited","MARSHALL WACE INVESTMENT STRATEGIES TOPS FUND","BUY","7,323","1,419.50","-"
"25-JAN-2024","DOMS","DOMS Industries Limited","SOCIETE GENERALE","SELL","76,977","1,419.50","-"
"25-JAN-2024","GMRINFRA","GMR Airports Infra Ltd","MARSHALL WACE INVESTMENT STRATEGIES  EUREKA FUND","BUY","63,29,985","75.70","-"
"25-JAN-2024","GMRINFRA","GMR Airports Infra Ltd","SOCIETE GENERALE","SELL","63,29,985","75.70","-"
"25-JAN-2024","GRASIM","Grasim Ind Ltd.","ERISKA INVESTMENT FUND LTD","BUY","8,10,000","2,060.00","-"
"25-JAN-2024","GRASIM","Grasim Ind Ltd.","GRIFFIN GROWTH FUND VCC","SELL","8,10,000","2,060.00","-"
"25-JAN-2024","GRASIM","Grasim Ind Ltd.","MARSHALL WACE INVESTMENT STRATEGIES  EUREKA FUND","BUY","2,613","2,071.30","-"
"25-JAN-2024","GRASIM","Grasim Ind Ltd.","MARSHALL WACE INVESTMENT STRATEGIES MARKET NEUTRAL TOPS FUND","BUY","46,410","2,071.30","-"
"25-JAN-2024","GRASIM","Grasim Ind Ltd.","MARSHALL WACE INVESTMENT STRATEGIES TOPS FUND","BUY","5,047","2,071.30","-"
"25-JAN-2024","GRASIM","Grasim Ind Ltd.","SOCIETE GENERALE","SELL","54,070","2,071.30","-"
"25-JAN-2024","HCLTECH","HCL Technologies Ltd.","MARSHALL WACE INVESTMENT STRATEGIES MARKET NEUTRAL TOPS FUND","BUY","3,38,214","1,576.40","-"
"25-JAN-2024","HCLTECH","HCL Technologies Ltd.","SOCIETE GENERALE","SELL","3,38,214","1,576.40","-"
"25-JAN-2024","ICICIPRULI","ICICI Pru Life Ins Co Ltd","MARSHALL WACE INVESTMENT STRATEGIES  EUREKA FUND","BUY","18,745","488.55","-"
"25-JAN-2024","ICICIPRULI","ICICI Pru Life Ins Co Ltd","MARSHALL WACE INVESTMENT STRATEGIES MARKET NEUTRAL TOPS FUND","BUY","6,00,523","488.55","-"
"25-JAN-2024","ICICIPRULI","ICICI Pru Life Ins Co Ltd","MARSHALL WACE INVESTMENT STRATEGIES TOPS FUND","BUY","60,568","488.55","-"
"25-JAN-2024","ICICIPRULI","ICICI Pru Life Ins Co Ltd","SOCIETE GENERALE","SELL","6,79,836","488.55","-"
"25-JAN-2024","INDIANB","Indian Bank","MARSHALL WACE INVESTMENT STRATEGIES  EUREKA FUND","BUY","5,57,745","441.60","-"
"25-JAN-2024","INDIANB","Indian Bank","MARSHALL WACE INVESTMENT STRATEGIES  SYSTEMATIC ALPHA PLUS FUND","BUY","45,705","441.60","-"
"25-JAN-2024","INDIANB","Indian Bank","MARSHALL WACE INVESTMENT STRATEGIES GLOBAL FINANCIALS MARKET NEUTRAL FUND","BUY","13,821","441.60","-"
"25-JAN-2024","INDIANB","Indian Bank","MARSHALL WACE INVESTMENT STRATEGIES MARKET NEUTRAL TOPS FUND","BUY","1,82,972","441.60","-"
"25-JAN-2024","INDIANB","Indian Bank","MARSHALL WACE INVESTMENT STRATEGIES TOPS FUND","BUY","35,431","441.60","-"
"25-JAN-2024","INDIANB","Indian Bank","SOCIETE GENERALE","SELL","8,35,674","441.60","-"
"25-JAN-2024","INDUSINDBK","IndusInd Bank Ltd.","MARSHALL WACE INVESTMENT STRATEGIES  EUREKA FUND","BUY","15,83,206","1,490.85","-"
"25-JAN-2024","INDUSINDBK","IndusInd Bank Ltd.","MARSHALL WACE INVESTMENT STRATEGIES GLOBAL FINANCIALS MARKET NEUTRAL FUND","BUY","22,413","1,490.85","-"
"25-JAN-2024","INDUSINDBK","IndusInd Bank Ltd.","MARSHALL WACE INVESTMENT STRATEGIES MARKET NEUTRAL TOPS FUND","BUY","3,098","1,490.85","-"
"25-JAN-2024","INDUSINDBK","IndusInd Bank Ltd.","MARSHALL WACE INVESTMENT STRATEGIES TOPS FUND","BUY","34,646","1,490.85","-"
"25-JAN-2024","INDUSINDBK","IndusInd Bank Ltd.","SOCIETE GENERALE","SELL","16,43,363","1,490.85","-"
"25-JAN-2024","INDUSTOWER","Indus Towers Limited","MARSHALL WACE INVESTMENT STRATEGIES  EUREKA FUND","BUY","1,38,721","229.95","-"
"25-JAN-2024","INDUSTOWER","Indus Towers Limited","MARSHALL WACE INVESTMENT STRATEGIES MARKET NEUTRAL TOPS FUND","BUY","11,37,801","229.95","-"
"25-JAN-2024","INDUSTOWER","Indus Towers Limited","MARSHALL WACE INVESTMENT STRATEGIES TOPS FUND","BUY","1,87,225","229.95","-"
"25-JAN-2024","INDUSTOWER","Indus Towers Limited","SOCIETE GENERALE","SELL","14,63,747","229.95","-"
"25-JAN-2024","INFY","Infosys Limited","MARSHALL WACE INVESTMENT STRATEGIES  EUREKA FUND","BUY","69,719","1,675.40","-"
"25-JAN-2024","INFY","Infosys Limited","MARSHALL WACE INVESTMENT STRATEGIES MARKET NEUTRAL TOPS FUND","BUY","21,796","1,675.40","-"
"25-JAN-2024","INFY","Infosys Limited","MARSHALL WACE INVESTMENT STRATEGIES TOPS FUND","BUY","41,420","1,675.40","-"
"25-JAN-2024","INFY","Infosys Limited","SOCIETE GENERALE","SELL","1,32,935","1,675.40","-"
"25-JAN-2024","IOC","Indian Oil Corp. Ltd.","MARSHALL WACE INVESTMENT STRATEGIES  SYSTEMATIC ALPHA PLUS FUND","BUY","4,27,256","143.45","-"
"25-JAN-2024","IOC","Indian Oil Corp. Ltd.","MARSHALL WACE INVESTMENT STRATEGIES EUREKA FUND","BUY","9,58,981","143.45","-"
"25-JAN-2024","IOC","Indian Oil Corp. Ltd.","MARSHALL WACE INVESTMENT STRATEGIES MARKET NEUTRAL TOPS FUND","BUY","5,97,485","143.45","-"
"25-JAN-2024","IOC","Indian Oil Corp. Ltd.","SOCIETE GENERALE","SELL","19,83,722","143.45","-"
"25-JAN-2024","IREDA","Indian Renewable Energy","MARSHALL WACE INVESTMENT STRATEGIES  EUREKA FUND","BUY","6,43,157","161.75","-"
"25-JAN-2024","IREDA","Indian Renewable Energy","MARSHALL WACE INVESTMENT STRATEGIES GLOBAL FINANCIALS MARKET NEUTRAL FUND","BUY","8,081","161.75","-"
"25-JAN-2024","IREDA","Indian Renewable Energy","SOCIETE GENERALE","SELL","6,51,238","161.75","-"
"25-JAN-2024","JYOTHYLAB","Jyothy Labs Limited","MARSHALL WACE INVESTMENT STRATEGIES  EUREKA FUND","BUY","3,28,141","535.95","-"
"25-JAN-2024","JYOTHYLAB","Jyothy Labs Limited","SOCIETE GENERALE","SELL","3,28,141","535.95","-"
"25-JAN-2024","KALAMANDIR","Sai Silks (Kalamandir) L","MARSHALL WACE INVESTMENT STRATEGIES  EUREKA FUND","BUY","5,13,295","240.90","-"
"25-JAN-2024","KALAMANDIR","Sai Silks (Kalamandir) L","MARSHALL WACE INVESTMENT STRATEGIES MARKET NEUTRAL TOPS FUND","BUY","20,026","240.90","-"
"25-JAN-2024","KALAMANDIR","Sai Silks (Kalamandir) L","SOCIETE GENERALE","SELL","5,33,321","240.90","-"
"25-JAN-2024","KAYNES","Kaynes Technology Ind Ltd","MARSHALL WACE INVESTMENT STRATEGIES  EUREKA FUND","BUY","46,410","2,851.15","-"
"25-JAN-2024","KAYNES","Kaynes Technology Ind Ltd","SOCIETE GENERALE","SELL","46,410","2,851.15","-"
"25-JAN-2024","LICI","Life Insura Corp of India","MARSHALL WACE INVESTMENT STRATEGIES  EUREKA FUND","BUY","66,507","907.20","-"
"25-JAN-2024","LICI","Life Insura Corp of India","MARSHALL WACE INVESTMENT STRATEGIES TOPS FUND","BUY","61,307","907.20","-"
"25-JAN-2024","LICI","Life Insura Corp of India","SOCIETE GENERALE","SELL","1,27,814","907.20","-"
"25-JAN-2024","LODHA","Macrotech Developers Ltd","MARSHALL WACE INVESTMENT STRATEGIES  EUREKA FUND","BUY","7,15,703","1,061.15","-"
"25-JAN-2024","LODHA","Macrotech Developers Ltd","SOCIETE GENERALE","SELL","7,15,703","1,061.15","-"
"25-JAN-2024","LT","Larsen & Toubro Limited","MARSHALL WACE INVESTMENT STRATEGIES MARKET NEUTRAL TOPS FUND","BUY","2,28,477","3,589.20","-"
"25-JAN-2024","LT","Larsen & Toubro Limited","MARSHALL WACE INVESTMENT STRATEGIES TOPS FUND","BUY","5,175","3,589.20","-"
"25-JAN-2024","LT","Larsen & Toubro Limited","SOCIETE GENERALE","SELL","2,33,652","3,589.20","-"
"25-JAN-2024","MANAPPURAM","Manappuram Finance Ltd","MARSHALL WACE INVESTMENT STRATEGIES  EUREKA FUND","BUY","51,27,647","174.55","-"
"25-JAN-2024","MANAPPURAM","Manappuram Finance Ltd","MARSHALL WACE INVESTMENT STRATEGIES GLOBAL FINANCIALS MARKET NEUTRAL FUND","BUY","1,45,084","174.55","-"
"25-JAN-2024","MANAPPURAM","Manappuram Finance Ltd","SOCIETE GENERALE","SELL","52,72,731","174.55","-"
"25-JAN-2024","MANKIND","Mankind Pharma Limited","MARSHALL WACE INVESTMENT STRATEGIES  EUREKA FUND","BUY","69,763","2,060.65","-"
"25-JAN-2024","MANKIND","Mankind Pharma Limited","MARSHALL WACE INVESTMENT STRATEGIES  SYSTEMATIC ALPHA PLUS FUND","BUY","11,642","2,060.65","-"
"25-JAN-2024","MANKIND","Mankind Pharma Limited","MARSHALL WACE INVESTMENT STRATEGIES MARKET NEUTRAL TOPS FUND","BUY","10,638","2,060.65","-"
"25-JAN-2024","MANKIND","Mankind Pharma Limited","MARSHALL WACE INVESTMENT STRATEGIES TOPS FUND","BUY","18,862","2,060.65","-"
"25-JAN-2024","MANKIND","Mankind Pharma Limited","SOCIETE GENERALE","SELL","1,10,905","2,060.65","-"
"25-JAN-2024","MANYAVAR","Vedant Fashions Limited","MARSHALL WACE INVESTMENT STRATEGIES  EUREKA FUND","BUY","3,30,430","1,072.45","-"
"25-JAN-2024","MANYAVAR","Vedant Fashions Limited","SOCIETE GENERALE","SELL","3,30,430","1,072.45","-"
"25-JAN-2024","NHPC","NHPC Ltd","MARSHALL WACE INVESTMENT STRATEGIES  EUREKA FUND","BUY","66,45,638","80.40","-"
"25-JAN-2024","NHPC","NHPC Ltd","SOCIETE GENERALE","SELL","66,45,638","80.40","-"
"25-JAN-2024","NXST","Nexus Select Trust","MARSHALL WACE INVESTMENT STRATEGIES  EUREKA FUND","BUY","19,21,574","129.99","-"
"25-JAN-2024","NXST","Nexus Select Trust","SOCIETE GENERALE","SELL","19,21,574","129.99","-"
"25-JAN-2024","NYKAA","FSN E Commerce Ventures","MARSHALL WACE INVESTMENT STRATEGIES  EUREKA FUND","BUY","42,17,075","162.45","-"
"25-JAN-2024","NYKAA","FSN E Commerce Ventures","MARSHALL WACE INVESTMENT STRATEGIES MARKET NEUTRAL TOPS FUND","BUY","3,29,705","162.45","-"
"25-JAN-2024","NYKAA","FSN E Commerce Ventures","MARSHALL WACE INVESTMENT STRATEGIES TOPS FUND","BUY","1,88,043","162.45","-"
"25-JAN-2024","NYKAA","FSN E Commerce Ventures","SOCIETE GENERALE","SELL","47,34,823","162.45","-"
"25-JAN-2024","OBEROIRLTY","Oberoi Realty Limited","MARSHALL WACE INVESTMENT STRATEGIES  EUREKA FUND","BUY","3,65,650","1,304.00","-"
"25-JAN-2024","OBEROIRLTY","Oberoi Realty Limited","MARSHALL WACE INVESTMENT STRATEGIES MARKET NEUTRAL TOPS FUND","BUY","13,013","1,304.00","-"
"25-JAN-2024","OBEROIRLTY","Oberoi Realty Limited","MARSHALL WACE INVESTMENT STRATEGIES TOPS FUND","BUY","7,422","1,304.00","-"
"25-JAN-2024","OBEROIRLTY","Oberoi Realty Limited","SOCIETE GENERALE","SELL","3,86,085","1,304.00","-"
"25-JAN-2024","PAYTM","One 97 Communications Ltd","MARSHALL WACE INVESTMENT STRATEGIES  EUREKA FUND","BUY","10,63,528","753.75","-"
"25-JAN-2024","PAYTM","One 97 Communications Ltd","SOCIETE GENERALE","SELL","10,63,528","753.75","-"
"25-JAN-2024","PGINVIT","POWERGRID Infra. INVITs","MARSHALL WACE INVESTMENT STRATEGIES  EUREKA FUND","BUY","15,99,231","100.09","-"
"25-JAN-2024","PGINVIT","POWERGRID Infra. INVITs","SOCIETE GENERALE","SELL","15,99,231","100.09","-"
"25-JAN-2024","PHOENIXLTD","The Phoenix Mills Limited","MARSHALL WACE INVESTMENT STRATEGIES  EUREKA FUND","BUY","2,10,299","2,367.05","-"
"25-JAN-2024","PHOENIXLTD","The Phoenix Mills Limited","MARSHALL WACE INVESTMENT STRATEGIES MARKET NEUTRAL TOPS FUND","BUY","7,869","2,367.05","-"
"25-JAN-2024","PHOENIXLTD","The Phoenix Mills Limited","MARSHALL WACE INVESTMENT STRATEGIES TOPS FUND","BUY","1,560","2,367.05","-"
"25-JAN-2024","PHOENIXLTD","The Phoenix Mills Limited","SOCIETE GENERALE","SELL","2,19,728","2,367.05","-"
"25-JAN-2024","POLICYBZR","PB Fintech Limited","MARSHALL WACE INVESTMENT STRATEGIES  EUREKA FUND","BUY","8,82,868","922.95","-"
"25-JAN-2024","POLICYBZR","PB Fintech Limited","MARSHALL WACE INVESTMENT STRATEGIES MARKET NEUTRAL TOPS FUND","BUY","45,547","922.95","-"
"25-JAN-2024","POLICYBZR","PB Fintech Limited","MARSHALL WACE INVESTMENT STRATEGIES TOPS FUND","BUY","2,50,450","922.95","-"
"25-JAN-2024","POLICYBZR","PB Fintech Limited","SOCIETE GENERALE","SELL","11,78,865","922.95","-"
"25-JAN-2024","POWERGRID","Power Grid Corporation of","MARSHALL WACE INVESTMENT STRATEGIES MARKET NEUTRAL TOPS FUND","BUY","12,80,076","246.20","-"
"25-JAN-2024","POWERGRID","Power Grid Corporation of","SOCIETE GENERALE","SELL","12,80,076","246.20","-"
"25-JAN-2024","SAPPHIRE","Sapphire Foods India Ltd","MARSHALL WACE INVESTMENT STRATEGIES  EUREKA FUND","BUY","2,38,189","1,438.90","-"
"25-JAN-2024","SAPPHIRE","Sapphire Foods India Ltd","MARSHALL WACE INVESTMENT STRATEGIES MARKET NEUTRAL TOPS FUND","BUY","1,923","1,438.90","-"
"25-JAN-2024","SAPPHIRE","Sapphire Foods India Ltd","MARSHALL WACE INVESTMENT STRATEGIES TOPS FUND","BUY","158","1,438.90","-"
"25-JAN-2024","SAPPHIRE","Sapphire Foods India Ltd","SOCIETE GENERALE","SELL","2,40,270","1,438.90","-"
"25-JAN-2024","SHRIRAMFIN","Shriram Finance Limited","MARSHALL WACE INVESTMENT STRATEGIES  EUREKA FUND","BUY","14,72,746","2,302.45","-"
"25-JAN-2024","SHRIRAMFIN","Shriram Finance Limited","MARSHALL WACE INVESTMENT STRATEGIES  SYSTEMATIC ALPHA PLUS FUND","BUY","2,611","2,302.45","-"
"25-JAN-2024","SHRIRAMFIN","Shriram Finance Limited","MARSHALL WACE INVESTMENT STRATEGIES GLOBAL FINANCIALS MARKET NEUTRAL FUND","BUY","46,187","2,302.45","-"
"25-JAN-2024","SHRIRAMFIN","Shriram Finance Limited","MARSHALL WACE INVESTMENT STRATEGIES MARKET NEUTRAL TOPS FUND","BUY","62,049","2,302.45","-"
"25-JAN-2024","SHRIRAMFIN","Shriram Finance Limited","MARSHALL WACE INVESTMENT STRATEGIES TOPS FUND","BUY","16,751","2,302.45","-"
"25-JAN-2024","SHRIRAMFIN","Shriram Finance Limited","SOCIETE GENERALE","SELL","16,00,344","2,302.45","-"
"25-JAN-2024","STAR","Strides Pharma ScienceLtd","MARSHALL WACE INVESTMENT STRATEGIES  EUREKA FUND","BUY","1,99,486","671.85","-"
"25-JAN-2024","STAR","Strides Pharma ScienceLtd","SOCIETE GENERALE","SELL","1,99,486","671.85","-"
"25-JAN-2024","SUNDARMFIN","Sundaram Finance Ltd.","MARSHALL WACE INVESTMENT STRATEGIES  EUREKA FUND","BUY","95,628","3,596.85","-"
"25-JAN-2024","SUNDARMFIN","Sundaram Finance Ltd.","SOCIETE GENERALE","SELL","95,628","3,596.85","-"
"25-JAN-2024","SUNPHARMA","Sun Pharma Industries Ltd","MARSHALL WACE INVESTMENT STRATEGIES  EUREKA FUND","BUY","26","1,382.10","-"
"25-JAN-2024","SUNPHARMA","Sun Pharma Industries Ltd","MARSHALL WACE INVESTMENT STRATEGIES MARKET NEUTRAL TOPS FUND","BUY","1,27,712","1,382.10","-"
"25-JAN-2024","SUNPHARMA","Sun Pharma Industries Ltd","MARSHALL WACE INVESTMENT STRATEGIES TOPS FUND","BUY","3,160","1,382.10","-"
"25-JAN-2024","SUNPHARMA","Sun Pharma Industries Ltd","SOCIETE GENERALE","SELL","1,30,898","1,382.10","-"
"25-JAN-2024","SYRMA","Syrma SGS Technology Ltd","MARSHALL WACE INVESTMENT STRATEGIES  EUREKA FUND","BUY","1,68,276","595.30","-"
"25-JAN-2024","SYRMA","Syrma SGS Technology Ltd","SOCIETE GENERALE","SELL","1,68,276","595.30","-"
"25-JAN-2024","TATASTEEL","Tata Steel Limited","MARSHALL WACE INVESTMENT STRATEGIES MARKET NEUTRAL TOPS FUND","BUY","11,44,996","135.15","-"
"25-JAN-2024","TATASTEEL","Tata Steel Limited","SOCIETE GENERALE","SELL","11,44,996","135.15","-"
"25-JAN-2024","TCS","Tata Consultancy Serv Ltd","MARSHALL WACE INVESTMENT STRATEGIES MARKET NEUTRAL TOPS FUND","BUY","25,078","3,841.80","-"
"25-JAN-2024","TCS","Tata Consultancy Serv Ltd","MARSHALL WACE INVESTMENT STRATEGIES TOPS FUND","BUY","1,946","3,841.80","-"
"25-JAN-2024","TCS","Tata Consultancy Serv Ltd","SOCIETE GENERALE","SELL","27,024","3,841.80","-"
"25-JAN-2024","TITAN","Titan Company Limited","MARSHALL WACE INVESTMENT STRATEGIES  EUREKA FUND","BUY","3,586","3,767.85","-"
"25-JAN-2024","TITAN","Titan Company Limited","MARSHALL WACE INVESTMENT STRATEGIES MARKET NEUTRAL TOPS FUND","BUY","55,458","3,767.85","-"
"25-JAN-2024","TITAN","Titan Company Limited","MARSHALL WACE INVESTMENT STRATEGIES TOPS FUND","BUY","5,208","3,767.85","-"
"25-JAN-2024","TITAN","Titan Company Limited","SOCIETE GENERALE","SELL","64,252","3,767.85","-"
"25-JAN-2024","UBL","United Breweries Limited","MARSHALL WACE INVESTMENT STRATEGIES MARKET NEUTRAL TOPS FUND","BUY","63,597","1,876.70","-"
"25-JAN-2024","UBL","United Breweries Limited","MARSHALL WACE INVESTMENT STRATEGIES TOPS FUND","BUY","4,793","1,876.70","-"
"25-JAN-2024","UBL","United Breweries Limited","SOCIETE GENERALE","SELL","68,390","1,876.70","-"
"25-JAN-2024","UNIONBANK","Union Bank of India","MARSHALL WACE INVESTMENT STRATEGIES  EUREKA FUND","BUY","1,16,01,714","142.85","-"
"25-JAN-2024","UNIONBANK","Union Bank of India","MARSHALL WACE INVESTMENT STRATEGIES GLOBAL FINANCIALS MARKET NEUTRAL FUND","BUY","1,76,100","142.85","-"
"25-JAN-2024","UNIONBANK","Union Bank of India","MARSHALL WACE INVESTMENT STRATEGIES MARKET NEUTRAL TOPS FUND","BUY","20,338","142.85","-"
"25-JAN-2024","UNIONBANK","Union Bank of India","MARSHALL WACE INVESTMENT STRATEGIES TOPS FUND","BUY","6,77,384","142.85","-"
"25-JAN-2024","UNIONBANK","Union Bank of India","SOCIETE GENERALE","SELL","1,24,75,536","142.85","-"
"25-JAN-2024","WIPRO","Wipro Ltd","MARSHALL WACE INVESTMENT STRATEGIES  EUREKA FUND","BUY","1,75,224","478.05","-"
"25-JAN-2024","WIPRO","Wipro Ltd","MARSHALL WACE INVESTMENT STRATEGIES TOPS FUND","BUY","1,74,348","478.05","-"
"25-JAN-2024","WIPRO","Wipro Ltd","SOCIETE GENERALE","SELL","3,49,572","478.05","-"
"25-JAN-2024","ZOMATO","Zomato Limited","MARSHALL WACE INVESTMENT STRATEGIES  EUREKA FUND","BUY","52,90,264","136.20","-"
"25-JAN-2024","ZOMATO","Zomato Limited","MARSHALL WACE INVESTMENT STRATEGIES  SYSTEMATIC ALPHA PLUS FUND","BUY","5,35,329","136.20","-"
"25-JAN-2024","ZOMATO","Zomato Limited","MARSHALL WACE INVESTMENT STRATEGIES MARKET NEUTRAL TOPS FUND","BUY","21,43,213","136.20","-"
"25-JAN-2024","ZOMATO","Zomato Limited","MARSHALL WACE INVESTMENT STRATEGIES TOPS FUND","BUY","6,81,638","136.20","-"
"25-JAN-2024","ZOMATO","Zomato Limited","SOCIETE GENERALE","SELL","86,50,444","136.20","-"
"29-JAN-2024","INFIBEAM","Infibeam Avenues Limited","ABHISHEK MAYUR DESAI","SELL","30,00,000","34.90","-"
"29-JAN-2024","INFIBEAM","Infibeam Avenues Limited","SONAL DESAI","BUY","30,00,000","34.90","-"
"31-JAN-2024","INFIBEAM","Infibeam Avenues Limited","ABHISHEK MAYUR DESAI","SELL","29,00,000","35.55","-"
"31-JAN-2024","INFIBEAM","Infibeam Avenues Limited","SONAL DESAI","BUY","29,00,000","35.55","-"
"02-FEB-2024","INFIBEAM","Infibeam Avenues Limited","ABHISHEK MAYUR DESAI","SELL","31,50,000","38.00","-"
"02-FEB-2024","INFIBEAM","Infibeam Avenues Limited","SONAL DESAI","BUY","31,50,000","38.00","-"
"07-FEB-2024","BSE","BSE Limited","MARSHALL WACE INVESTMENT STRATEGIES - SYSTEMATIC ALPHA PLUS FUND","SELL","88,700","2,469.35","-"
"07-FEB-2024","BSE","BSE Limited","SOCIETE GENERALE","BUY","88,700","2,469.35","-"
"08-FEB-2024","KALYANKJIL","Kalyan Jewellers Ind Ltd","AEMV","BUY","26,883","334.00","-"
"08-FEB-2024","KALYANKJIL","Kalyan Jewellers Ind Ltd","AVAW","BUY","1,34,604","334.00","-"
"08-FEB-2024","KALYANKJIL","Kalyan Jewellers Ind Ltd","AVS MF","BUY","53,990","334.00","-"
"08-FEB-2024","KALYANKJIL","Kalyan Jewellers Ind Ltd","CITIGROUP GLOBAL MARKETS MAURITIUS PVT LTD","BUY","12,30,000","334.00","-"
"08-FEB-2024","KALYANKJIL","Kalyan Jewellers Ind Ltd","EMPLOYEES PROVIDENT FUND","BUY","11,68,451","334.00","-"
"08-FEB-2024","KALYANKJIL","Kalyan Jewellers Ind Ltd","FRANKLIN TEMPLETON MUTUAL FUND","BUY","30,63,102","344.20","-"
"08-FEB-2024","KALYANKJIL","Kalyan Jewellers Ind Ltd","GOLDMAN SACHS FUNDS - GOLDMAN SACHS INDIA EQUITY PORTFOLIO","BUY","58,47,101","334.00","-"
"08-FEB-2024","KALYANKJIL","Kalyan Jewellers Ind Ltd","GREATER INDIA PORTFOLIO","BUY","4,71,249","334.00","-"
"08-FEB-2024","KALYANKJIL","Kalyan Jewellers Ind Ltd","GS INDIA EQUITY","BUY","2,42,208","334.00","-"
"08-FEB-2024","KALYANKJIL","Kalyan Jewellers Ind Ltd","HIGHDELL INVESTMENT LIMITED","SELL","3,83,35,390","339.59","-"
"08-FEB-2024","KALYANKJIL","Kalyan Jewellers Ind Ltd","HIGHDELL INVESTMENT LTD","SELL","79,39,581","334.00","-"
"08-FEB-2024","KALYANKJIL","Kalyan Jewellers Ind Ltd","HIGHDELL INVESTMENT LTD","SELL","2,24,55,000","334.00","-"
"08-FEB-2024","KALYANKJIL","Kalyan Jewellers Ind Ltd","INVESCO MUTUAL FUND","BUY","55,38,922","334.00","-"
"08-FEB-2024","KALYANKJIL","Kalyan Jewellers Ind Ltd","INVESTERINGSFORENINGEN NORDEA INVEST EMERGING STARS","BUY","4,86,710","334.00","-"
"08-FEB-2024","KALYANKJIL","Kalyan Jewellers Ind Ltd","MEDIOLANUM BEST BRANDS - MEDIOLANUM INDIA OPPORTUNITIES","BUY","2,85,826","334.00","-"
"08-FEB-2024","KALYANKJIL","Kalyan Jewellers Ind Ltd","MOTILAL OSWAL MUTUAL FUND A/C  MOTILAL OSWAL MIDCAP 30 FUND","BUY","1,79,36,898","344.20","-"
"08-FEB-2024","KALYANKJIL","Kalyan Jewellers Ind Ltd","NEW YORK STATE TEACHERS RETIREMENT SYSTEM","BUY","2,12,970","334.00","-"
"08-FEB-2024","KALYANKJIL","Kalyan Jewellers Ind Ltd","NOMURA FUNDS IRELAND PLC NOMURA FUNDS IRELAND INDIA EQUITY FUND","BUY","54,25,997","334.00","-"
"08-FEB-2024","KALYANKJIL","Kalyan Jewellers Ind Ltd","NOMURA FUNDS IRELAND PLCNOMURA FUNDS IRELAND   ASIA EX JAPAN HIGH CONVICTION FUND","BUY","12,44,842","334.00","-"
"08-FEB-2024","KALYANKJIL","Kalyan Jewellers Ind Ltd","NORDEA 1 SICAV","BUY","1,42,044","334.00","-"
"08-FEB-2024","KALYANKJIL","Kalyan Jewellers Ind Ltd","NORDEA 1 SICAV","BUY","49,30,649","334.00","-"
"08-FEB-2024","KALYANKJIL","Kalyan Jewellers Ind Ltd","NORDEA 1 SICAV","BUY","4,19,522","334.00","-"
"08-FEB-2024","KALYANKJIL","Kalyan Jewellers Ind Ltd","NORDEA EQUITY OPPORTUNITIES FUND","BUY","67,483","334.00","-"
"08-FEB-2024","KALYANKJIL","Kalyan Jewellers Ind Ltd","NORDEAFAREASTFUND","BUY","6,63,173","334.00","-"
"08-FEB-2024","KALYANKJIL","Kalyan Jewellers Ind Ltd","SEETHARAMA IYER THRIKUR KALYANARAMAN","BUY","7,48,503","334.00","-"
"08-FEB-2024","KALYANKJIL","Kalyan Jewellers Ind Ltd","SUNDARAM MUTUAL FUND","BUY","26,94,611","334.00","-"
"08-FEB-2024","KALYANKJIL","Kalyan Jewellers Ind Ltd","THE MASTER TRUST BANK OF JAPAN LIMITED AC NOMURA INDIA INVESTMENT FUND MOTHER FUND","BUY","1,30,59,079","334.00","-"
"08-FEB-2024","KALYANKJIL","Kalyan Jewellers Ind Ltd","THE NOMURA TRUST AND BANKING CO.LTD AS THE TRUSTEE OF NOMURA INDIA STOCK MOTHER FUND","BUY","4,20,437","334.00","-"
"08-FEB-2024","KALYANKJIL","Kalyan Jewellers Ind Ltd","THORNBURG DEVELOPING WORLD FUND","BUY","12,94,000","334.00","-"
"08-FEB-2024","KALYANKJIL","Kalyan Jewellers Ind Ltd","TINIESA","BUY","26,770","334.00","-"
"08-FEB-2024","KALYANKJIL","Kalyan Jewellers Ind Ltd","UNIVERSAL-INVESTMENT-GESELLSCHAFT MBH FOR UI-BA-FONDS","BUY","7,00,886","334.00","-"
"08-FEB-2024","KALYANKJIL","Kalyan Jewellers Ind Ltd","UNIVERSAL-INVESTMENT-GESELLSCHAFT MBH FOR UI-ZW-FONDS","BUY","1,93,061","334.00","-"
"08-FEB-2024","MANKIND","Mankind Pharma Limited","ABUDHABI INVESTMENT AUTHORITY MONSOON","BUY","47,645","2,107.35","-"
"08-FEB-2024","MANKIND","Mankind Pharma Limited","AMERICAN FUNDS INSURANCE SERIES NEW WORLD FUND","BUY","1,08,345","2,107.35","-"
"08-FEB-2024","MANKIND","Mankind Pharma Limited","ARJUN  JUNEJA","SELL","12,00,564","2,107.35","-"
"08-FEB-2024","MANKIND","Mankind Pharma Limited","ARJUN JUNEJA","SELL","12,00,564","2,107.35","-"
"08-FEB-2024","MANKIND","Mankind Pharma Limited","ASK EMERGING OPPORTUNITIES FUND","BUY","50,043","2,107.35","-"
"08-FEB-2024","MANKIND","Mankind Pharma Limited","AXIS MUTUAL FUND","BUY","98,438","2,107.35","-"
"08-FEB-2024","MANKIND","Mankind Pharma Limited","AXIS MUTUAL FUND","BUY","98,437","2,107.35","-"
"08-FEB-2024","MANKIND","Mankind Pharma Limited","BAJAJ ALLIANZ LIFE INSURANCE COMPANY LIMITED","BUY","50,043","2,107.35","-"
"08-FEB-2024","MANKIND","Mankind Pharma Limited","BANDHAN MUTUAL FUND","BUY","50,043","2,107.35","-"
"08-FEB-2024","MANKIND","Mankind Pharma Limited","BLACKSTONE AQUA MASTER SUB-FUND","BUY","50,043","2,107.35","-"
"08-FEB-2024","MANKIND","Mankind Pharma Limited","BNP PARIBAS ARBITRAGE","BUY","47,645","2,107.35","-"
"08-FEB-2024","MANKIND","Mankind Pharma Limited","BOFA SECURITIES EUROPE SA","BUY","47,645","2,107.35","-"
"08-FEB-2024","MANKIND","Mankind Pharma Limited","CANARA HSBC LIFE INSURANCE COMPANY LIMITED","BUY","50,043","2,107.35","-"
"08-FEB-2024","MANKIND","Mankind Pharma Limited","CAPITAL GROUP NEW WORLD FUND (LUX)","BUY","15,211","2,107.35","-"
"08-FEB-2024","MANKIND","Mankind Pharma Limited","CITIGROUP GLOBAL MARKETS MAURITIUS PVT LTD","BUY","59,062","2,107.35","-"
"08-FEB-2024","MANKIND","Mankind Pharma Limited","COPTHALL MAURITIUS INVESTMENT LIMITED","BUY","47,645","2,107.35","-"
"08-FEB-2024","MANKIND","Mankind Pharma Limited","COPTHALL MAURITIUS INVESTMENT LTD","BUY","2,06,718","2,107.35","-"
"08-FEB-2024","MANKIND","Mankind Pharma Limited","EDELWEISS MUTUAL FUND","BUY","50,043","2,107.35","-"
"08-FEB-2024","MANKIND","Mankind Pharma Limited","GHISALLO MASTER FUND LP","BUY","50,043","2,107.35","-"
"08-FEB-2024","MANKIND","Mankind Pharma Limited","GOLDMAN SACHS INVESTMENTS (MAURITIUS) I LIMITED","BUY","50,043","2,107.35","-"
"08-FEB-2024","MANKIND","Mankind Pharma Limited","GOVERNMENT OF SINGAPORE","BUY","16,80,714","2,107.35","-"
"08-FEB-2024","MANKIND","Mankind Pharma Limited","HSBC ASIAPACIFIC FUND","BUY","591","2,107.35","-"
"08-FEB-2024","MANKIND","Mankind Pharma Limited","HSBC GLOBAL INVESTMENT FUNDS - ASIA EX JAPAN EQUITY","BUY","8,283","2,107.35","-"
"08-FEB-2024","MANKIND","Mankind Pharma Limited","HSBC GLOBAL INVESTMENT FUNDS - MANAGED SOLUTIONS ASIA FOCUSED GROWTH","BUY","338","2,107.35","-"
"08-FEB-2024","MANKIND","Mankind Pharma Limited","HSBC POOLED INVESTMENT FUND HSBC POOLED ASIAN EQUITY FUND","BUY","35,624","2,107.35","-"
"08-FEB-2024","MANKIND","Mankind Pharma Limited","ICICI PRUDENTIAL LIFE INSURANCE COMPANY LIMITED","BUY","54,160","2,107.35","-"
"08-FEB-2024","MANKIND","Mankind Pharma Limited","INTERNATIONAL MONETARY FUND (IN RESPECT OF THE INTERNATIONAL MONETARY FUND RETIRED STAFF BENEFITS IN","BUY","640","2,107.35","-"
"08-FEB-2024","MANKIND","Mankind Pharma Limited","INTERNATIONAL MONETARY FUND (IN RESPECT OF THE INTERNATIONAL MONETARY FUND STAFF RETIREMENT PLAN)","BUY","2,169","2,107.35","-"
"08-FEB-2024","MANKIND","Mankind Pharma Limited","INVESCO MUTUAL FUND","BUY","87,749","2,107.35","-"
"08-FEB-2024","MANKIND","Mankind Pharma Limited","MONETARY AUTHORITY OF SINGAPORE","BUY","2,09,276","2,107.35","-"
"08-FEB-2024","MANKIND","Mankind Pharma Limited","MORGAN STANLEY ASIA SINGAPORE PTE","BUY","50,043","2,107.35","-"
"08-FEB-2024","MANKIND","Mankind Pharma Limited","MOTILAL OSWAL ASSET MANAGEMENT COMPANY LIMITED","BUY","86,009","2,107.35","-"
"08-FEB-2024","MANKIND","Mankind Pharma Limited","MOTILAL OSWAL MUTUAL FUND","BUY","73,010","2,107.35","-"
"08-FEB-2024","MANKIND","Mankind Pharma Limited","NEW WORLD FUND INC","BUY","17,66,434","2,107.35","-"
"08-FEB-2024","MANKIND","Mankind Pharma Limited","NOMURA A/C NOMURA FUND IRELAND PUBLIC LIMITED COMPANY NOMURA FUND IRELAND INDIA EQUITY FUND","BUY","2,67,343","2,107.35","-"
"08-FEB-2024","MANKIND","Mankind Pharma Limited","NOMURA FUNDS IRELAND PLC - NOMURA FUNDS IRELAND INDIA EQUITY FUND","BUY","47,643","2,107.35","-"
"08-FEB-2024","MANKIND","Mankind Pharma Limited","NOMURA SINGAPORE LIMITED","BUY","50,043","2,107.35","-"
"08-FEB-2024","MANKIND","Mankind Pharma Limited","NORGES BANK ON ACCOUNT OF THE GOVERNMENT PENSION FUND GLOBAL","BUY","1,26,516","2,107.35","-"
"08-FEB-2024","MANKIND","Mankind Pharma Limited","PUJA  JUNEJA","SELL","11,35,668","2,107.35","-"
"08-FEB-2024","MANKIND","Mankind Pharma Limited","PUJA JUNEJA","SELL","11,35,668","2,107.35","-"
"08-FEB-2024","MANKIND","Mankind Pharma Limited","SBI MUTUAL FUND","BUY","2,85,467","2,107.35","-"
"08-FEB-2024","MANKIND","Mankind Pharma Limited","SBI MUTUAL FUND","BUY","2,85,465","2,107.35","-"
"08-FEB-2024","MANKIND","Mankind Pharma Limited","SHEETAL  ARORA","SELL","9,08,535","2,107.35","-"
"08-FEB-2024","MANKIND","Mankind Pharma Limited","SHEETAL ARORA","SELL","9,08,535","2,107.35","-"
"08-FEB-2024","MANKIND","Mankind Pharma Limited","SOCIETE GENERALE","BUY","1,94,882","2,107.35","-"
"08-FEB-2024","VENUSPIPES","Venus Pipes & Tubes Ltd","HIMALAYA FINANCE AND INVESTMENT CO","SELL","2,53,800","1,500.00","-"
"08-FEB-2024","VENUSPIPES","Venus Pipes & Tubes Ltd","PIONEER INVESTMENT FUND SCHEME II","BUY","2,53,800","1,500.00","-"
"12-FEB-2024","PEL","Piramal Enterprises Ltd.","EAST BRIDGE CAPITAL MASTER FUND I LIMITED","BUY","9,28,000","883.25","-"
"12-FEB-2024","PEL","Piramal Enterprises Ltd.","EAST BRIDGE CAPITAL MASTER FUND LIMITED","SELL","9,28,000","883.25","-"
"14-FEB-2024","BAJAJFINSV","Bajaj Finserv Limited","BACHHRAJ & CO PRIVATE LIMITED","BUY","14,26,965","1,582.00","-"
"14-FEB-2024","BAJAJFINSV","Bajaj Finserv Limited","DEEPA BAJAJ","SELL","1,24,125","1,582.00","-"
"14-FEB-2024","BAJAJFINSV","Bajaj Finserv Limited","RAJIVNAYAN BAJAJ","SELL","3,20,590","1,582.00","-"
"14-FEB-2024","BAJAJFINSV","Bajaj Finserv Limited","RISHAB FAMILY TRUST","SELL","9,82,250","1,582.00","-"
"14-FEB-2024","JSL","Jindal Stainless Limited","ELM PARK FUND LIMITED","SELL","29,00,000","575.35","-"
"14-FEB-2024","JSL","Jindal Stainless Limited","JSL OVERSEAS HOLDING LIMITED","BUY","29,00,000","575.35","-"
"20-FEB-2024","JINDALSAW","Jindal Saw Limited","COPTHALL MAURITIUS INVESTMENT LIMITED","BUY","3,50,000","521.00","-"
"20-FEB-2024","JINDALSAW","Jindal Saw Limited","ERISKA INVESTMENT FUND LTD","SELL","23,50,000","521.00","-"
"20-FEB-2024","JINDALSAW","Jindal Saw Limited","NIPPON INDIA MUTUAL FUND - SMALL CAP FUND","BUY","12,00,000","521.00","-"
"20-FEB-2024","JINDALSAW","Jindal Saw Limited","SAMCO MUTUAL FUND(ACTIVE MOMENTUM FUND)","BUY","3,00,000","521.00","-"
"20-FEB-2024","JINDALSAW","Jindal Saw Limited","SAMCO MUTUAL FUND(DYNAMIC ASSET ALLOCATION FUND)","BUY","2,50,000","521.00","-"
"20-FEB-2024","JINDALSAW","Jindal Saw Limited","SOCIETE GENERALE","BUY","2,50,000","521.00","-"
"20-FEB-2024","JSL","Jindal Stainless Limited","ELM PARK FUND LIMITED","SELL","11,30,000","640.00","-"
"20-FEB-2024","JSL","Jindal Stainless Limited","JSL OVERSEAS HOLDING LIMITED","BUY","11,30,000","640.00","-"
"20-FEB-2024","TFCILTD","Tourism Finance Corp","ADITYA KUMAR HALWASIYA","BUY","1,18,02,094","209.75","-"
"20-FEB-2024","TFCILTD","Tourism Finance Corp","KOPPARA SAJEEVE THOMAS","SELL","34,44,133","209.75","-"
"20-FEB-2024","TFCILTD","Tourism Finance Corp","PRANSATREE HOLDINGS PTE. LIMITED","SELL","42,56,100","209.75","-"
"20-FEB-2024","TFCILTD","Tourism Finance Corp","VARANIUM CAPITAL ADVISORS PRIVATE LIMITED","SELL","10,04,400","209.75","-"
"20-FEB-2024","TFCILTD","Tourism Finance Corp","VARANIUM INDIA OPPORTUNITY LTD","SELL","30,97,461","209.75","-"
"21-FEB-2024","CAMPUS","Campus Activewear Limited","QRG INVESTMENTS AND HOLDINGS LIMITED","SELL","40,65,000","245.00","-"
"21-FEB-2024","CAMPUS","Campus Activewear Limited","SBI MUTUAL FUND","BUY","40,65,000","245.00","-"
"21-FEB-2024","DEVYANI","Devyani International Ltd","AXIS MUTUAL FUND","BUY","30,00,000","164.10","-"
"21-FEB-2024","DEVYANI","Devyani International Ltd","BANDHAN MUTUAL FUND","BUY","3,57,142","164.10","-"
"21-FEB-2024","DEVYANI","Devyani International Ltd","BANDHAN MUTUAL FUND","BUY","10,71,429","164.10","-"
"21-FEB-2024","DEVYANI","Devyani International Ltd","BANDHAN MUTUAL FUND.","BUY","10,71,429","164.10","-"
"21-FEB-2024","DEVYANI","Devyani International Ltd","CITIGROUP GLOBAL MARKETS MAURITIUS PVT LTD","BUY","9,60,000","164.10","-"
"21-FEB-2024","DEVYANI","Devyani International Ltd","COPTHALL MAURITIUS INVESTMENT LIMITED","BUY","20,00,000","164.10","-"
"21-FEB-2024","DEVYANI","Devyani International Ltd","EMPLOYEES PROVIDENT FUND","BUY","38,00,000","164.10","-"
"21-FEB-2024","DEVYANI","Devyani International Ltd","FRANKLIN TEMPLETON MUTUAL FUND","BUY","50,00,000","164.10","-"
"21-FEB-2024","DEVYANI","Devyani International Ltd","GHISALLO MASTER FUND LP","BUY","22,23,330","164.10","-"
"21-FEB-2024","DEVYANI","Devyani International Ltd","GOLDMAN SACHS (SINGAPORE) PTE","BUY","10,00,000","164.10","-"
"21-FEB-2024","DEVYANI","Devyani International Ltd","GOLDMAN SACHS FUNDS - GOLDMAN SACHS INDIA EQUITY PORTFOLIO","BUY","18,51,955","164.10","-"
"21-FEB-2024","DEVYANI","Devyani International Ltd","GOVERNMENT OF SINGAPORE","BUY","44,43,479","164.10","-"
"21-FEB-2024","DEVYANI","Devyani International Ltd","GS INDIA EQUITY","BUY","63,066","164.10","-"
"21-FEB-2024","DEVYANI","Devyani International Ltd","HDFC MUTUAL FUND","BUY","7,50,000","164.10","-"
"21-FEB-2024","DEVYANI","Devyani International Ltd","HDFC STANDARD LIFE INSURANCE COMPANY LIMITED","BUY","28,00,000","164.10","-"
"21-FEB-2024","DEVYANI","Devyani International Ltd","MEDIOLANUM BEST BRANDS- MEDIOLANUM INDIA OPPORTUNITIES","BUY","84,979","164.10","-"
"21-FEB-2024","DEVYANI","Devyani International Ltd","MONETARY AUTHORITY OF SINGAPORE","BUY","5,56,521","164.10","-"
"21-FEB-2024","DEVYANI","Devyani International Ltd","MORGAN STANLEY ASIA SINGAPORE PTE","BUY","5,50,000","164.10","-"
"21-FEB-2024","DEVYANI","Devyani International Ltd","MORGAN STANLEY ASIA SINGAPORE PTE","BUY","18,75,000","164.10","-"
"21-FEB-2024","DEVYANI","Devyani International Ltd","NIPPON INDIA MUTUAL FUND","BUY","80,00,000","164.10","-"
"21-FEB-2024","DEVYANI","Devyani International Ltd","PGIM INDIA MUTUAL FUND","BUY","17,50,000","164.10","-"
"21-FEB-2024","DEVYANI","Devyani International Ltd","SOCIETE GENERALE","BUY","50,75,000","164.10","-"
"21-FEB-2024","DEVYANI","Devyani International Ltd","SUNDARAM MUTUAL FUND","BUY","48,00,000","164.10","-"
"21-FEB-2024","DEVYANI","Devyani International Ltd","YUM RESTAURANTS INDIA PVT LTD","SELL","5,30,83,330","164.10","-"
"27-FEB-2024","BSE","BSE Limited","MARSHALL WACE INVESTMENT STRATEGIES - SYSTEMATIC ALPHA PLUS FUND","SELL","47,014","2,278.95","-"
"27-FEB-2024","BSE","BSE Limited","SOCIETE GENERALE","BUY","47,014","2,278.95","-"
"28-FEB-2024","APTUS","Aptus Value Hsg Fin I Ltd","STEADVIEW CAPITAL MAURITIUS LIMITED","BUY","32,05,000","328.50","-"
"28-FEB-2024","APTUS","Aptus Value Hsg Fin I Ltd","STEADVIEW CAPITAL OPPORTUNITIES PCC","SELL","32,05,000","328.50","-"
"28-FEB-2024","CUPID","Cupid Limited","DOVETAIL INDIA FUND","BUY","45,000","2,700.00","-"
"28-FEB-2024","CUPID","Cupid Limited","EBENE GLOBAL OPPORTUNITY FUND","SELL","45,000","2,700.00","-"
"28-FEB-2024","KAMDHENU","Kamdhenu Ispat Limited","DOVETAIL INDIA FUND","BUY","5,00,000","581.40","-"
"28-FEB-2024","KAMDHENU","Kamdhenu Ispat Limited","THREE DEE EXIM PRIVATE LIMITED","SELL","5,00,000","581.40","-"
"29-FEB-2024","JSL","Jindal Stainless Limited","ELM PARK FUND LIMITED","SELL","32,50,000","647.10","-"
"29-FEB-2024","JSL","Jindal Stainless Limited","VIRTUOUS TRADECORP PRIVATE LIMITED","BUY","32,50,000","647.10","-"
"01-MAR-2024","JSL","Jindal Stainless Limited","ELM PARK FUND LIMITED","SELL","30,75,000","652.00","-"
"01-MAR-2024","JSL","Jindal Stainless Limited","VIRTUOUS TRADECORP PRIVATE LIMITED","BUY","30,75,000","652.00","-"
"05-MAR-2024","HATSUN","Hatsun Agro Product Ltd.","CHANDRAMOGAN R G","BUY","1,00,162","1,129.55","-"
"05-MAR-2024","HATSUN","Hatsun Agro Product Ltd.","MALABAR VALUE FUND   - AIF","SELL","1,00,162","1,129.55","-"
"06-MAR-2024","DOLLAR","Dollar Industries Limited","BAJRANG KUMAR GUPTA","SELL","5,00,000","490.00","-"
"06-MAR-2024","DOLLAR","Dollar Industries Limited","FIDELITY ASIAN VALUES PLC","BUY","1,36,779","490.00","-"
"06-MAR-2024","DOLLAR","Dollar Industries Limited","FIDELITY FUNDS ASIAN SMALLER COMPANIES POOL","BUY","3,63,221","490.00","-"
"06-MAR-2024","WELCORP","Welspun Corp Limited","VIPUL  MATHUR","SELL","4,50,000","541.50","-"
"06-MAR-2024","WELCORP","Welspun Corp Limited","WELSPUN GROUP MASTER TRUST","BUY","4,50,000","541.50","-"
"07-MAR-2024","BHARTIARTL","Bharti Airtel Limited","ABU DHABI INVESTMENT AUTHORITY - GULAB","BUY","2,07,677","1,193.70","-"
"07-MAR-2024","BHARTIARTL","Bharti Airtel Limited","ACTIVE EMERGING MARKETS EQUITY FUND","BUY","2,99,609","1,193.70","-"
"07-MAR-2024","BHARTIARTL","Bharti Airtel Limited","AUSTRALIANSUPER","BUY","16,94,349","1,193.70","-"
"07-MAR-2024","BHARTIARTL","Bharti Airtel Limited","BBH GQG PARTNERS EMERGING MARKETS EQUITY MASTER FUND LP","BUY","10,10,479","1,193.70","-"
"07-MAR-2024","BHARTIARTL","Bharti Airtel Limited","CARE SUPER PTY LTD AS TRUSTEE FOR CARE SUPER","BUY","2,33,918","1,193.70","-"
"07-MAR-2024","BHARTIARTL","Bharti Airtel Limited","GENERAL ORGANIZATION FOR SOCIAL INSURANCE","BUY","5,07,076","1,193.70","-"
"07-MAR-2024","BHARTIARTL","Bharti Airtel Limited","GOLDMAN SACHS TRUST II - GOLDMAN SACHS GQG PARTNERS INTERNATIONAL OPPORTUNITIES FUND","BUY","1,82,02,353","1,193.70","-"
"07-MAR-2024","BHARTIARTL","Bharti Airtel Limited","GQG PARTNERS EMERGING MARKETS EQUITY FUND","BUY","1,74,38,276","1,193.70","-"
"07-MAR-2024","BHARTIARTL","Bharti Airtel Limited","GQG PARTNERS EMERGING MARKETS EQUITY FUND","BUY","6,09,553","1,193.70","-"
"07-MAR-2024","BHARTIARTL","Bharti Airtel Limited","GQG PARTNERS EMERGING MARKETS EQUITY FUND A SERIES OF GQG PARTNERS SERIES LLC","BUY","27,93,636","1,193.70","-"
"07-MAR-2024","BHARTIARTL","Bharti Airtel Limited","GQG PARTNERS EMERGING MARKETS EQUITY FUND A SUB FUND OF GQG GLOBAL UCITS ICAV","BUY","22,70,684","1,193.70","-"
"07-MAR-2024","BHARTIARTL","Bharti Airtel Limited","GQG PARTNERS INTERNATIONAL EQUITY FUND A SERIES OF GQG PARTNERS SERIES LLC","BUY","1,79,831","1,193.70","-"
"07-MAR-2024","BHARTIARTL","Bharti Airtel Limited","GQG PARTNERS INTERNATIONAL QUALITY EQUITY FUND","BUY","1,30,209","1,193.70","-"
"07-MAR-2024","BHARTIARTL","Bharti Airtel Limited","GSF II GOLDMAN SACHS GLOBAL MULTI MANAGER ALTERNATIVES PORTFOLIO","BUY","7,163","1,193.70","-"
"07-MAR-2024","BHARTIARTL","Bharti Airtel Limited","JNL/GQG EMERGING MARKETS EQUITY FUND","BUY","7,27,746","1,193.70","-"
"07-MAR-2024","BHARTIARTL","Bharti Airtel Limited","PASTEL LIMITED","SELL","4,90,00,000","1,193.70","-"
"07-MAR-2024","BHARTIARTL","Bharti Airtel Limited","RELIANCE TRUST INSTITUTIONAL RETIREMENT TRUST SERIES ELEVEN","BUY","16,59,987","1,193.70","-"
"07-MAR-2024","BHARTIARTL","Bharti Airtel Limited","RELIANCE TRUST INSTITUTIONAL RETIREMENT TRUST SERIES TWELVE","BUY","7,51,583","1,193.70","-"
"07-MAR-2024","BHARTIARTL","Bharti Airtel Limited","UNITED SUPER PTY LTD AS TRUSTEE FOR CONSTRUCTION AND BUILDING UNIONS SUPERANNUATION FUND","BUY","1,82,022","1,193.70","-"
"07-MAR-2024","BHARTIARTL","Bharti Airtel Limited","WITAN INVESTMENT TRUST PLC RE GQG PARTNERS LLC","BUY","93,849","1,193.70","-"
"07-MAR-2024","BSOFT","BIRLASOFT LIMITED","SEB ASIENFOND EX JAPAN","BUY","2,03,544","769.10","-"
"07-MAR-2024","BSOFT","BIRLASOFT LIMITED","SEB FUND 3 SEB PENSION FUND","SELL","2,03,544","769.10","-"
"07-MAR-2024","HINDZINC","Hindustan Zinc Limited","SEB ASIENFOND EX JAPAN","BUY","3,27,175","307.55","-"
"07-MAR-2024","HINDZINC","Hindustan Zinc Limited","SEB FUND 3 SEB PENSION FUND","SELL","3,27,175","307.55","-"
"07-MAR-2024","INDIGO","InterGlobe Aviation Ltd","SEB ASIENFOND EX JAPAN","BUY","57,049","3,069.80","-"
"07-MAR-2024","INDIGO","InterGlobe Aviation Ltd","SEB FUND 3 SEB PENSION FUND","SELL","57,049","3,069.80","-"
"07-MAR-2024","LODHA","Macrotech Developers Ltd","SEB ASIENFOND EX JAPAN","BUY","1,17,093","1,196.65","-"
"07-MAR-2024","LODHA","Macrotech Developers Ltd","SEB FUND 3 SEB PENSION FUND","SELL","1,17,093","1,196.65","-"
"07-MAR-2024","TATAMOTORS","Tata Motors Limited","SEB ASIENFOND EX JAPAN","BUY","1,85,410","1,017.65","-"
"07-MAR-2024","TATAMOTORS","Tata Motors Limited","SEB FUND 3 SEB PENSION FUND","SELL","1,85,410","1,017.65","-"
"07-MAR-2024","TORNTPHARM","Torrent Pharma Ltd.","SEB ASIENFOND EX JAPAN","BUY","63,294","2,691.20","-"
"07-MAR-2024","TORNTPHARM","Torrent Pharma Ltd.","SEB FUND 3 SEB PENSION FUND","SELL","63,294","2,691.20","-"